{
  "men": {
    "100m": {
      "a": 25.4347,
      "b": 18.0,
      "c": 1.81
    },
    "200m": {
      "a": 5.8425,
      "b": 38.0,
      "c": 1.81
    },
    "400m": {
      "a": 1.53775,
      "b": 82.0,
      "c": 1.81
    },
    "1500m": {
      "a": 0.03768,
      "b": 480,
      "c": 1.85
    },
    "110mH": {
      "a": 5.74352,
      "b": 28.5,
      "c": 1.92
    },
    "HJ": {
      "a": 0.8465,
      "b": 75.0,
      "c": 1.42
    },
    "PV": {
      "a": 0.2797,
      "b": 100.0,
      "c": 1.35
    },
    "LJ": {
      "a": 0.14354,
      "b": 220.0,
      "c": 1.4
    },
    "SP": {
      "a": 51.39,
      "b": 1.5,
      "c": 1.05
    },
    "DT": {
      "a": 12.91,
      "b": 4.0,
      "c": 1.1
    },
    "JT": {
      "a": 10.14,
      "b": 7.0,
      "c": 1.08
    },
    "60m": {
      "a": 68.015,
      "b": 11.5,
      "c": 1.81
    },
    "1000m": {
      "a": 0.08713,
      "b": 305.5,
      "c": 1.85
    },
    "60mH": {
      "a": 20.5173,
      "b": 15.5,
      "c": 1.82
    }
  },
  "women": {
    "200m": {
      "a": 4.99087,
      "b": 42.5,
      "c": 1.81
    },
    "800m": {
      "a": 0.11193,
      "b": 254.0,
      "c": 1.88
    },
    "100mH": {
      "a": 9.23076,
      "b": 26.7,
      "c": 1.835
    },
    "HJ": {
      "a": 1.84523,
      "b": 75.0,
      "c": 1.348
    },
    "LJ": {
      "a": 0.188807,
      "b": 210.0,
      "c": 1.41
    },
    "SP": {
      "a": 56.0211,
      "b": 1.5,
      "c": 1.05
    },
    "JT": {
      "a": 15.9803,
      "b": 3.8,
      "c": 1.04
    },
    "100m": {
      "a": 17.857,
      "b": 21.0,
      "c": 1.81
    },
    "400m": {
      "a": 1.34285,
      "b": 91.7,
      "c": 1.81
    },
    "1500m": {
      "a": 0.02883,
      "b": 535.0,
      "c": 1.88
    },
    "PV": {
      "a": 0.44125,
      "b": 100.0,
      "c": 1.35
    },
    "DT": {
      "a": 12.3311,
      "b": 3.0,
      "c": 1.1
    },
    "60mH": {
      "a": 20.0479,
      "b": 17.0,
      "c": 1.835
    }
  }
}